Entry,Entry name,Protein names,Gene names,Organism,Length,Gene ontology (cellular component),Gene ontology (biological process),Subcellular location [CC],Transmembrane,query,pct id,align length,mismatches,gap,start,end,sstart,send,eval,bit,pct pos
A1KPT4,SYK_MYCBP,Lysine--tRNA ligase (EC 6.1.1.6) (Lysyl-tRNA synthetase) (LysRS),lysS BCG_3663c,Mycobacterium bovis (strain BCG / Pasteur 1173P2),505,cytoplasm,lysyl-tRNA aminoacylation [GO:0006430],SUBCELLULAR LOCATION: Cytoplasm {ECO:0000255|HAMAP-Rule:MF_00252}.,No,Query24,100,7,0,0,31,37,110,116,0.077,25.2,100
A1KLH6,PLSB_MYCBP,Glycerol-3-phosphate acyltransferase (GPAT) (EC 2.3.1.15),plsB BCG_2500c,Mycobacterium bovis (strain BCG / Pasteur 1173P2),789,plasma membrane,CDP-diacylglycerol biosynthetic process [GO:0016024],SUBCELLULAR LOCATION: Cell membrane {ECO:0000255|HAMAP-Rule:MF_00393}; Peripheral membrane protein {ECO:0000255|HAMAP-Rule:MF_00393}; Cytoplasmic side {ECO:0000255|HAMAP-Rule:MF_00393}.,No,Query17,87.5,8,1,0,10,17,130,137,0.14,22.3,87.5
A1KJ30,LGT_MYCBP,Phosphatidylglycerol--prolipoprotein diacylglyceryl transferase (EC 2.5.1.145),lgt BCG_1652,Mycobacterium bovis (strain BCG / Pasteur 1173P2),468,integral component of plasma membrane,lipoprotein biosynthetic process [GO:0042158],SUBCELLULAR LOCATION: Cell membrane {ECO:0000255|HAMAP-Rule:MF_01147}; Multi-pass membrane protein {ECO:0000255|HAMAP-Rule:MF_01147}.,Yes,Query20,83.333,6,1,0,1,6,424,429,0.16,19.7,83.33
A1KJN3,SECA2_MYCBP,Protein translocase subunit SecA 2 (EC 7.4.2.8),secA2 BCG_1856,Mycobacterium bovis (strain BCG / Pasteur 1173P2),808,cytoplasm; plasma membrane,intracellular protein transmembrane transport [GO:0065002]; protein import [GO:0017038]; protein targeting [GO:0006605],SUBCELLULAR LOCATION: Cell membrane {ECO:0000255|HAMAP-Rule:MF_01382}; Peripheral membrane protein {ECO:0000255|HAMAP-Rule:MF_01382}; Cytoplasmic side {ECO:0000255|HAMAP-Rule:MF_01382}. Cytoplasm {ECO:0000255|HAMAP-Rule:MF_01382}. Note=Distribution is 50-50. {ECO:0000255|HAMAP-Rule:MF_01382}.,No,Query14,77.778,9,2,0,3,11,331,339,0.21,21.4,77.78
A1KFY6,HEM3_MYCBP,Porphobilinogen deaminase (PBG) (EC 2.5.1.61) (Hydroxymethylbilane synthase) (HMBS) (Pre-uroporphyrinogen synthase),hemC BCG_0553,Mycobacterium bovis (strain BCG / Pasteur 1173P2),309,,peptidyl-pyrromethane cofactor linkage [GO:0018160]; protoporphyrinogen IX biosynthetic process [GO:0006782],,No,Query17,85.714,7,1,0,7,13,119,125,0.27,21.4,85.71
P80069,APA_MYCBP,Alanine and proline-rich secreted protein Apa (45/47 kDa antigen) (FAP-B) (Fibronectin attachment protein),apa modD BCG_1896,Mycobacterium bovis (strain BCG / Pasteur 1173P2),325,cell surface; extracellular region,,SUBCELLULAR LOCATION: Secreted. Cell surface {ECO:0000269|PubMed:17158455}.,No,Query20,100,5,0,0,2,6,230,234,0.33,18.9,100
A1KQ98,Y3826_MYCBP,Putative S-adenosyl-L-methionine-dependent methyltransferase BCG_3826c (EC 2.1.1.-),BCG_3826c,Mycobacterium bovis (strain BCG / Pasteur 1173P2),314,,methylation [GO:0032259],,No,Query20,100,5,0,0,2,6,176,180,0.33,18.9,100
A1KM56,NRDR_MYCBP,Transcriptional repressor NrdR,nrdR BCG_2731c,Mycobacterium bovis (strain BCG / Pasteur 1173P2),154,,"negative regulation of transcription, DNA-templated [GO:0045892]",,No,Query8,100,6,0,0,18,23,123,128,0.41,22.7,100
A1KPU4,GCH1_MYCBP,GTP cyclohydrolase 1 (EC 3.5.4.16) (GTP cyclohydrolase I) (GTP-CH-I),folE BCG_3673c,Mycobacterium bovis (strain BCG / Pasteur 1173P2),202,,"7,8-dihydroneopterin 3'-triphosphate biosynthetic process [GO:0035998]; one-carbon metabolic process [GO:0006730]; tetrahydrofolate biosynthetic process [GO:0046654]",,No,Query25,70,10,3,0,5,14,71,80,0.52,20.2,70
A1KI80,SYR_MYCBP,Arginine--tRNA ligase (EC 6.1.1.19) (Arginyl-tRNA synthetase) (ArgRS),argS BCG_1352,Mycobacterium bovis (strain BCG / Pasteur 1173P2),550,cytoplasm,arginyl-tRNA aminoacylation [GO:0006420],SUBCELLULAR LOCATION: Cytoplasm {ECO:0000255|HAMAP-Rule:MF_00123}.,No,Query5,83.333,6,1,0,5,10,364,369,0.52,20.2,100
A1KNQ0,SAHH_MYCBP,Adenosylhomocysteinase (EC 3.3.1.1) (S-adenosyl-L-homocysteine hydrolase) (AdoHcyase),ahcY BCG_3277c,Mycobacterium bovis (strain BCG / Pasteur 1173P2),495,cytoplasm,one-carbon metabolic process [GO:0006730],SUBCELLULAR LOCATION: Cytoplasm {ECO:0000255|HAMAP-Rule:MF_00563}.,No,Query20,83.333,6,1,0,1,6,144,149,0.68,18,83.33
A1KFY5,HEM1_MYCBP,Glutamyl-tRNA reductase (GluTR) (EC 1.2.1.70),hemA BCG_0552,Mycobacterium bovis (strain BCG / Pasteur 1173P2),468,,protoporphyrinogen IX biosynthetic process [GO:0006782],,No,Query12,87.5,8,0,1,2,9,396,402,0.69,20.6,87.5
A1KEK9,SYL_MYCBP,Leucine--tRNA ligase (EC 6.1.1.4) (Leucyl-tRNA synthetase) (LeuRS),leuS BCG_0072,Mycobacterium bovis (strain BCG / Pasteur 1173P2),969,cytoplasm,leucyl-tRNA aminoacylation [GO:0006429],SUBCELLULAR LOCATION: Cytoplasm {ECO:0000255|HAMAP-Rule:MF_00049}.,No,Query25,70,10,1,1,5,12,565,574,0.74,19.7,70
A1KL96,LEPA_MYCBP,Elongation factor 4 (EF-4) (EC 3.6.5.n1) (Ribosomal back-translocase LepA),lepA BCG_2420c,Mycobacterium bovis (strain BCG / Pasteur 1173P2),653,plasma membrane,positive regulation of translation [GO:0045727],SUBCELLULAR LOCATION: Cell membrane {ECO:0000255|HAMAP-Rule:MF_00071}; Peripheral membrane protein {ECO:0000255|HAMAP-Rule:MF_00071}; Cytoplasmic side {ECO:0000255|HAMAP-Rule:MF_00071}.,No,Query18,83.333,6,1,0,1,6,493,498,0.74,19.7,83.33
A1KM16,DCUP_MYCBP,Uroporphyrinogen decarboxylase (UPD) (URO-D) (EC 4.1.1.37),hemE BCG_2691c,Mycobacterium bovis (strain BCG / Pasteur 1173P2),357,cytoplasm,protoporphyrinogen IX biosynthetic process [GO:0006782],SUBCELLULAR LOCATION: Cytoplasm {ECO:0000255|HAMAP-Rule:MF_00218}.,No,Query5,100,5,0,0,9,13,5,9,0.74,19.7,100
A1KGI7,RL22_MYCBP,50S ribosomal protein L22,rplV BCG_0756,Mycobacterium bovis (strain BCG / Pasteur 1173P2),197,large ribosomal subunit,translation [GO:0006412],,No,Query17,75,8,2,0,9,16,23,30,0.76,20.2,75
A1KMI2,IF2_MYCBP,Translation initiation factor IF-2,infB BCG_2859c,Mycobacterium bovis (strain BCG / Pasteur 1173P2),900,cytoplasm,,SUBCELLULAR LOCATION: Cytoplasm {ECO:0000255|HAMAP-Rule:MF_00100}.,No,Query8,75,8,2,0,24,31,679,686,0.95,21.4,75
A1KKE0,TATA_MYCBP,Sec-independent protein translocase protein TatA,tatA BCG_2114c,Mycobacterium bovis (strain BCG / Pasteur 1173P2),83,integral component of plasma membrane; TAT protein transport complex ,protein transport by the Tat complex [GO:0043953],SUBCELLULAR LOCATION: Cell membrane {ECO:0000255|HAMAP-Rule:MF_00236}; Single-pass membrane protein {ECO:0000255|HAMAP-Rule:MF_00236}.,Yes,Query22,83.333,6,1,0,2,7,63,68,1.2,17.6,83.33
A1KHW1,MSHB_MYCBP,1D-myo-inositol 2-acetamido-2-deoxy-alpha-D-glucopyranoside deacetylase (GlcNAc-Ins deacetylase) (EC 3.5.1.103) (N-acetyl-1-D-myo-inositol 2-amino-2-deoxy-alpha-D-glucopyranoside deacetylase),mshB BCG_1233,Mycobacterium bovis (strain BCG / Pasteur 1173P2),303,,mycothiol biosynthetic process [GO:0010125],,No,Query14,100,5,0,0,10,14,60,64,1.2,19.3,100
A1KGE8,RPOC_MYCBP,DNA-directed RNA polymerase subunit beta' (RNAP subunit beta') (EC 2.7.7.6) (RNA polymerase subunit beta') (Transcriptase subunit beta'),rpoC BCG_0717,Mycobacterium bovis (strain BCG / Pasteur 1173P2),1316,,"transcription, DNA-templated [GO:0006351]",,No,Query25,75,8,2,0,7,14,1092,1099,1.5,18.9,75
A1KMU7,TAER_MYCBP,Trans-acting enoyl reductase (EC 1.3.1.-),BCG_2974,Mycobacterium bovis (strain BCG / Pasteur 1173P2),418,,lipid metabolic process [GO:0006629],,No,Query18,100,5,0,0,2,6,278,282,1.5,18.9,100
A1KJW6,CINAL_MYCBP,CinA-like protein,BCG_1940,Mycobacterium bovis (strain BCG / Pasteur 1173P2),430,,,,No,Query18,100,5,0,0,11,15,316,320,1.5,18.9,100
A1KMQ3,RS16_MYCBP,30S ribosomal protein S16,rpsP BCG_2930c,Mycobacterium bovis (strain BCG / Pasteur 1173P2),162,ribosome,translation [GO:0006412],,No,Query25,100,5,0,0,11,15,68,72,1.5,18.9,100
A1KGC0,RL11_MYCBP,50S ribosomal protein L11,rplK BCG_0689,Mycobacterium bovis (strain BCG / Pasteur 1173P2),142,ribosome,translation [GO:0006412],,No,Query10,71.429,7,2,0,2,8,105,111,1.6,19.7,100
A1KLD6,OBG_MYCBP,GTPase Obg (EC 3.6.5.-) (GTP-binding protein Obg),obg BCG_2460c,Mycobacterium bovis (strain BCG / Pasteur 1173P2),479,cytoplasm,ribosome biogenesis [GO:0042254],SUBCELLULAR LOCATION: Cytoplasm {ECO:0000255|HAMAP-Rule:MF_01454}.,No,Query10,100,5,0,0,14,18,185,189,1.6,19.7,100
A1KNP2,SECA1_MYCBP,Protein translocase subunit SecA 1 (EC 7.4.2.8),secA1 BCG_3269c,Mycobacterium bovis (strain BCG / Pasteur 1173P2),949,cytoplasm; plasma membrane,intracellular protein transmembrane transport [GO:0065002]; protein import [GO:0017038]; protein targeting [GO:0006605],SUBCELLULAR LOCATION: Cell membrane {ECO:0000255|HAMAP-Rule:MF_01382}; Peripheral membrane protein {ECO:0000255|HAMAP-Rule:MF_01382}; Cytoplasmic side {ECO:0000255|HAMAP-Rule:MF_01382}. Cytoplasm {ECO:0000255|HAMAP-Rule:MF_01382}. Note=Distribution is 50-50. {ECO:0000255|HAMAP-Rule:MF_01382}.,No,Query14,70,10,3,0,6,15,710,719,1.7,18.9,70
A1KFV2,DEOC_MYCBP,Deoxyribose-phosphate aldolase (DERA) (EC 4.1.2.4) (2-deoxy-D-ribose 5-phosphate aldolase) (Phosphodeoxyriboaldolase) (Deoxyriboaldolase),deoC BCG_0519,Mycobacterium bovis (strain BCG / Pasteur 1173P2),224,cytoplasm,carbohydrate catabolic process [GO:0016052]; deoxyribonucleotide catabolic process [GO:0009264]; deoxyribose phosphate catabolic process [GO:0046386],SUBCELLULAR LOCATION: Cytoplasm {ECO:0000255|HAMAP-Rule:MF_00114}.,No,Query14,71.429,7,2,0,5,11,50,56,1.7,18.9,100
A1KIS1,Y1543_MYCBP,UPF0353 protein BCG_1543,BCG_1543,Mycobacterium bovis (strain BCG / Pasteur 1173P2),335,integral component of membrane; plasma membrane,,SUBCELLULAR LOCATION: Cell membrane {ECO:0000255|HAMAP-Rule:MF_01340}; Multi-pass membrane protein {ECO:0000255|HAMAP-Rule:MF_01340}.,Yes,Query14,83.333,6,1,0,11,16,130,135,1.7,18.9,100
A1KGF0,END4_MYCBP,Probable endonuclease 4 (EC 3.1.21.2) (Endodeoxyribonuclease IV) (Endonuclease IV),nfo BCG_0719,Mycobacterium bovis (strain BCG / Pasteur 1173P2),252,,DNA repair [GO:0006281],,No,Query14,100,5,0,0,3,7,122,126,1.7,18.9,100
A1KPS2,DISA_MYCBP,DNA integrity scanning protein DisA (Cyclic di-AMP synthase) (c-di-AMP synthase) (Diadenylate cyclase) (EC 2.7.7.85),disA BCG_3651,Mycobacterium bovis (strain BCG / Pasteur 1173P2),358,,DNA repair [GO:0006281]; second-messenger-mediated signaling [GO:0019932],,No,Query20,83.333,6,1,0,1,6,93,98,2,16.8,83.33
A1KPL9,HOA_MYCBP,4-hydroxy-2-oxohexanoate aldolase (EC 4.1.3.43) (4-hydroxy-2-keto-pentanoic acid aldolase) (4-hydroxy-2-oxopentanoate aldolase) (4-hydroxy-2-oxovalerate aldolase) (HOA) (EC 4.1.3.39),hsaF BCG_3598c,Mycobacterium bovis (strain BCG / Pasteur 1173P2),346,,aromatic compound catabolic process [GO:0019439],,No,Query18,75,8,2,0,5,12,205,212,2.1,18.5,75
A1KQG0,PHAS_MYCBP,Phthioceranic/hydroxyphthioceranic acid synthase (EC 2.3.1.287) (Polyketide synthase pks2),pks2 BCG_3888c,Mycobacterium bovis (strain BCG / Pasteur 1173P2),2126,,fatty acid biosynthetic process [GO:0006633],,No,Query7,71.429,7,2,0,12,18,2027,2033,2.2,18.9,85.71
A1KPR8,ISPD_MYCBP,2-C-methyl-D-erythritol 4-phosphate cytidylyltransferase (EC 2.7.7.60) (4-diphosphocytidyl-2C-methyl-D-erythritol synthase) (MEP cytidylyltransferase) (MCT),ispD BCG_3647c,Mycobacterium bovis (strain BCG / Pasteur 1173P2),231,,"isopentenyl diphosphate biosynthetic process, methylerythritol 4-phosphate pathway [GO:0019288]; terpenoid biosynthetic process [GO:0016114]",,No,Query10,83.333,6,1,0,2,7,64,69,2.3,19.3,83.33
A0A0G2Q9D6,GYRB_MYCBP,DNA gyrase subunit B (EC 5.6.2.2),gyrB1 BCG_0005; gyrB2 BCG_0035,Mycobacterium bovis (strain BCG / Pasteur 1173P2),714,chromosome; cytoplasm,DNA-dependent DNA replication [GO:0006261]; DNA topological change [GO:0006265],SUBCELLULAR LOCATION: Cytoplasm {ECO:0000255|HAMAP-Rule:MF_01898}.,No,Query14,71.429,7,2,0,5,11,123,129,2.4,18.5,85.71
A1KKJ8,MURD_MYCBP,UDP-N-acetylmuramoylalanine--D-glutamate ligase (EC 6.3.2.9) (D-glutamic acid-adding enzyme) (UDP-N-acetylmuramoyl-L-alanyl-D-glutamate synthetase),murD BCG_2172c,Mycobacterium bovis (strain BCG / Pasteur 1173P2),496,cytoplasm,cell cycle [GO:0007049]; cell division [GO:0051301]; cell wall organization [GO:0071555]; peptidoglycan biosynthetic process [GO:0009252]; regulation of cell shape [GO:0008360],SUBCELLULAR LOCATION: Cytoplasm {ECO:0000255|HAMAP-Rule:MF_00639}.,No,Query14,100,5,0,0,4,8,424,428,2.4,18.5,100
A1KLN0,NUSB_MYCBP,Transcription antitermination protein NusB (Antitermination factor NusB),nusB BCG_2555c,Mycobacterium bovis (strain BCG / Pasteur 1173P2),156,,"DNA-templated transcription, termination [GO:0006353]; regulation of transcription, DNA-templated [GO:0006355]; transcription antitermination [GO:0031564]",,No,Query12,100,5,0,0,1,5,99,103,2.6,18.9,100
A1KLS8,SYH_MYCBP,Histidine--tRNA ligase (EC 6.1.1.21) (Histidyl-tRNA synthetase) (HisRS),hisS BCG_2603c,Mycobacterium bovis (strain BCG / Pasteur 1173P2),423,cytoplasm,histidyl-tRNA aminoacylation [GO:0006427],SUBCELLULAR LOCATION: Cytoplasm {ECO:0000255|HAMAP-Rule:MF_00127}.,No,Query21,100,5,0,0,2,6,151,155,2.6,18,100
A1KIS1,Y1543_MYCBP,UPF0353 protein BCG_1543,BCG_1543,Mycobacterium bovis (strain BCG / Pasteur 1173P2),335,integral component of membrane; plasma membrane,,SUBCELLULAR LOCATION: Cell membrane {ECO:0000255|HAMAP-Rule:MF_01340}; Multi-pass membrane protein {ECO:0000255|HAMAP-Rule:MF_01340}.,Yes,Query6,71.429,7,2,0,3,9,305,311,2.7,17.2,71.43
A1KEN2,Y095_MYCBP,UPF0182 protein BCG_0095,BCG_0095,Mycobacterium bovis (strain BCG / Pasteur 1173P2),979,integral component of membrane; plasma membrane,,SUBCELLULAR LOCATION: Cell membrane {ECO:0000255|HAMAP-Rule:MF_01600}; Multi-pass membrane protein {ECO:0000255|HAMAP-Rule:MF_01600}.,Yes,Query25,70,10,1,1,5,14,660,667,3,18,70
A1KKG4,HIS1_MYCBP,ATP phosphoribosyltransferase (ATP-PRT) (ATP-PRTase) (EC 2.4.2.17),hisG BCG_2138c,Mycobacterium bovis (strain BCG / Pasteur 1173P2),284,cytoplasm,histidine biosynthetic process [GO:0000105],SUBCELLULAR LOCATION: Cytoplasm {ECO:0000255|HAMAP-Rule:MF_00079}.,No,Query5,85.714,7,0,1,6,11,118,124,3,18,85.71
A1KG43,Y611_MYCBP,UPF0234 protein BCG_0611c,BCG_0611c,Mycobacterium bovis (strain BCG / Pasteur 1173P2),163,,,,No,Query10,100,5,0,0,1,5,128,132,3.1,18.9,100
A1KMV2,GLTR2_MYCBP,Inactive PGL/p-HBAD biosynthesis glycosyltransferase BCG_2979c,BCG_2979c,Mycobacterium bovis (strain BCG / Pasteur 1173P2),366,,,,No,Query11,83.333,6,1,0,13,18,181,186,3.2,21,100
A1KGK2,RS5_MYCBP,30S ribosomal protein S5,rpsE BCG_0771,Mycobacterium bovis (strain BCG / Pasteur 1173P2),220,small ribosomal subunit ,translation [GO:0006412],,No,Query14,83.333,6,1,0,4,9,86,91,3.4,18,83.33
A1KMA6,TYSY_MYCBP,Thymidylate synthase (TS) (TSase) (EC 2.1.1.45),thyA BCG_2781c,Mycobacterium bovis (strain BCG / Pasteur 1173P2),263,cytoplasm,dTMP biosynthetic process [GO:0006231]; dTTP biosynthetic process [GO:0006235]; methylation [GO:0032259],SUBCELLULAR LOCATION: Cytoplasm {ECO:0000255|HAMAP-Rule:MF_00008}.,No,Query6,71.429,7,2,0,3,9,65,71,3.8,16.8,71.43
A1KJN3,SECA2_MYCBP,Protein translocase subunit SecA 2 (EC 7.4.2.8),secA2 BCG_1856,Mycobacterium bovis (strain BCG / Pasteur 1173P2),808,cytoplasm; plasma membrane,intracellular protein transmembrane transport [GO:0065002]; protein import [GO:0017038]; protein targeting [GO:0006605],SUBCELLULAR LOCATION: Cell membrane {ECO:0000255|HAMAP-Rule:MF_01382}; Peripheral membrane protein {ECO:0000255|HAMAP-Rule:MF_01382}; Cytoplasmic side {ECO:0000255|HAMAP-Rule:MF_01382}. Cytoplasm {ECO:0000255|HAMAP-Rule:MF_01382}. Note=Distribution is 50-50. {ECO:0000255|HAMAP-Rule:MF_01382}.,No,Query12,100,5,0,0,7,11,408,412,3.8,18.5,100
A1KI36,KGD_MYCBP,Multifunctional 2-oxoglutarate metabolism enzyme (2-hydroxy-3-oxoadipate synthase) (HOA synthase) (HOAS) (EC 2.2.1.5) (2-oxoglutarate carboxy-lyase) (2-oxoglutarate decarboxylase) (Alpha-ketoglutarate decarboxylase) (KG decarboxylase) (KGD) (EC 4.1.1.71) (Alpha-ketoglutarate-glyoxylate carboligase) [Includes: 2-oxoglutarate dehydrogenase E1 component (ODH E1 component) (EC 1.2.4.2) (Alpha-ketoglutarate dehydrogenase E1 component) (KDH E1 component); Dihydrolipoyllysine-residue succinyltransferase component of 2-oxoglutarate dehydrogenase complex (EC 2.3.1.61) (2-oxoglutarate dehydrogenase complex E2 component) (ODH E2 component) (OGDC-E2) (Dihydrolipoamide succinyltransferase)],kgd BCG_1308c,Mycobacterium bovis (strain BCG / Pasteur 1173P2),1231,,tricarboxylic acid cycle [GO:0006099],,No,Query4,71.429,7,2,0,2,8,203,209,3.9,17.2,85.71
A1KKG4,HIS1_MYCBP,ATP phosphoribosyltransferase (ATP-PRT) (ATP-PRTase) (EC 2.4.2.17),hisG BCG_2138c,Mycobacterium bovis (strain BCG / Pasteur 1173P2),284,cytoplasm,histidine biosynthetic process [GO:0000105],SUBCELLULAR LOCATION: Cytoplasm {ECO:0000255|HAMAP-Rule:MF_00079}.,No,Query25,83.333,6,1,0,9,14,176,181,4.2,17.6,83.33
A1KH91,PUR9_MYCBP,Bifunctional purine biosynthesis protein PurH [Includes: Phosphoribosylaminoimidazolecarboxamide formyltransferase (EC 2.1.2.3) (AICAR transformylase); IMP cyclohydrolase (EC 3.5.4.10) (ATIC) (IMP synthase) (Inosinicase)],purH BCG_1011,Mycobacterium bovis (strain BCG / Pasteur 1173P2),523,,'de novo' IMP biosynthetic process [GO:0006189],,No,Query5,70,10,2,1,7,16,23,31,4.3,17.6,70
A1KFR2,CH602_MYCBP,Chaperonin GroEL 2 (EC 5.6.1.7) (60 kDa chaperonin 2) (Chaperonin-60 2) (Cpn60 2),groEL2 groL2 BCG_0479,Mycobacterium bovis (strain BCG / Pasteur 1173P2),540,cytoplasm; extracellular region,protein refolding [GO:0042026],"SUBCELLULAR LOCATION: Secreted, capsule {ECO:0000250|UniProtKB:P9WPE7}. Cell surface {ECO:0000250|UniProtKB:P9WPE7}. Secreted, cell wall {ECO:0000250|UniProtKB:P9WPE7}.",No,Query5,71.429,7,2,0,8,14,466,472,4.3,17.6,85.71
A1KKF2,PSA_MYCBP,Proteasome subunit alpha (20S proteasome alpha subunit) (Proteasome core protein PrcA),prcA BCG_2126c,Mycobacterium bovis (strain BCG / Pasteur 1173P2),248,"cytoplasm; proteasome core complex, alpha-subunit complex",modification-dependent protein catabolic process [GO:0019941]; proteasomal protein catabolic process [GO:0010498],SUBCELLULAR LOCATION: Cytoplasm {ECO:0000255|HAMAP-Rule:MF_00289}.,No,Query17,83.333,6,1,0,8,13,216,221,4.3,18,83.33
A1KGL2,Y781_MYCBP,Putative S-adenosyl-L-methionine-dependent methyltransferase BCG_0781c (EC 2.1.1.-),BCG_0781c,Mycobacterium bovis (strain BCG / Pasteur 1173P2),318,,methylation [GO:0032259],,No,Query8,100,5,0,0,9,13,299,303,4.4,19.3,100
A1KFE4,DCDB_MYCBP,"dCTP deaminase, dUMP-forming (EC 3.5.4.30) (Bifunctional dCTP deaminase:dUTPase) (DCD-DUT)",dcd BCG_0361,Mycobacterium bovis (strain BCG / Pasteur 1173P2),190,,dUMP biosynthetic process [GO:0006226]; dUTP biosynthetic process [GO:0006229],,No,Query8,71.429,7,2,0,13,19,42,48,4.6,19.3,85.71
A1KHE9,ISPE_MYCBP,4-diphosphocytidyl-2-C-methyl-D-erythritol kinase (CMK) (EC 2.7.1.148) (4-(cytidine-5'-diphospho)-2-C-methyl-D-erythritol kinase),ispE BCG_1068,Mycobacterium bovis (strain BCG / Pasteur 1173P2),306,,"isopentenyl diphosphate biosynthetic process, methylerythritol 4-phosphate pathway [GO:0019288]; terpenoid biosynthetic process [GO:0016114]",,No,Query14,85.714,7,0,1,11,17,61,66,4.8,17.6,85.71
A1KMQ3,RS16_MYCBP,30S ribosomal protein S16,rpsP BCG_2930c,Mycobacterium bovis (strain BCG / Pasteur 1173P2),162,ribosome,translation [GO:0006412],,No,Query8,100,5,0,0,12,16,104,108,4.9,19.3,100
A1KGJ9,RS8_MYCBP,30S ribosomal protein S8,rpsH BCG_0768,Mycobacterium bovis (strain BCG / Pasteur 1173P2),132,ribosome,translation [GO:0006412],,No,Query12,100,5,0,0,14,18,90,94,5.1,18,100
A1KH91,PUR9_MYCBP,Bifunctional purine biosynthesis protein PurH [Includes: Phosphoribosylaminoimidazolecarboxamide formyltransferase (EC 2.1.2.3) (AICAR transformylase); IMP cyclohydrolase (EC 3.5.4.10) (ATIC) (IMP synthase) (Inosinicase)],purH BCG_1011,Mycobacterium bovis (strain BCG / Pasteur 1173P2),523,,'de novo' IMP biosynthetic process [GO:0006189],,No,Query22,71.429,7,2,0,1,7,443,449,5.2,15.9,71.43
A1KH31,ARFA_MYCBP,Peptidoglycan-binding protein ArfA (Outer membrane protein A) (OmpATb) (Outer membrane protein ArfA),arfA ompA BCG_0951,Mycobacterium bovis (strain BCG / Pasteur 1173P2),326,cell outer membrane; integral component of membrane,,SUBCELLULAR LOCATION: Cell outer membrane {ECO:0000250}. Note=Does not have a cleavable signal sequence. {ECO:0000250}.,Yes,Query19,83.333,6,1,0,8,13,147,152,5.2,17.2,83.33
A1KGE7,RPOB_MYCBP,DNA-directed RNA polymerase subunit beta (RNAP subunit beta) (EC 2.7.7.6) (RNA polymerase subunit beta) (Transcriptase subunit beta),rpoB BCG_0716,Mycobacterium bovis (strain BCG / Pasteur 1173P2),1178,,"transcription, DNA-templated [GO:0006351]",,No,Query19,71.429,7,2,0,8,14,95,101,5.3,17.2,71.43
A1KG00,GSA_MYCBP,"Glutamate-1-semialdehyde 2,1-aminomutase (GSA) (EC 5.4.3.8) (Glutamate-1-semialdehyde aminotransferase) (GSA-AT)",hemL BCG_0567,Mycobacterium bovis (strain BCG / Pasteur 1173P2),462,cytoplasm,protoporphyrinogen IX biosynthetic process [GO:0006782],SUBCELLULAR LOCATION: Cytoplasm {ECO:0000255|HAMAP-Rule:MF_00375}.,No,Query21,100,5,0,0,1,5,164,168,5.3,17.2,100
A1KMU6,PHMT_MYCBP,Phthiotriol/phenolphthiotriol dimycocerosates methyltransferase (EC 2.1.1.-),BCG_2973,Mycobacterium bovis (strain BCG / Pasteur 1173P2),270,,lipid metabolic process [GO:0006629]; methylation [GO:0032259],,No,Query4,83.333,6,1,0,2,7,78,83,5.5,16.8,83.33
A1KGJ7,RL5_MYCBP,50S ribosomal protein L5,rplE BCG_0766,Mycobacterium bovis (strain BCG / Pasteur 1173P2),187,ribosome,translation [GO:0006412],,No,Query17,75,8,1,1,11,17,75,82,5.9,17.6,87.5
A1KJ57,LYSX_MYCBP,Lysylphosphatidylglycerol biosynthesis bifunctional protein LysX [Includes: Lysine--tRNA ligase (EC 6.1.1.6) (Lysyl-tRNA synthetase) (LysRS); Phosphatidylglycerol lysyltransferase (EC 2.3.2.3) (Lysylphosphatidylglycerol synthetase) (LPG synthetase)],lysX BCG_1679c,Mycobacterium bovis (strain BCG / Pasteur 1173P2),1172,cytoplasm; integral component of membrane; plasma membrane,lipid metabolic process [GO:0006629]; lysyl-tRNA aminoacylation [GO:0006430]; response to antibiotic [GO:0046677],SUBCELLULAR LOCATION: Cell membrane {ECO:0000305}; Multi-pass membrane protein {ECO:0000305}.,Yes,Query24,100,5,0,0,36,40,989,993,5.9,19.3,100
A0A0H3MAB5,G3P_MYCBP,Glyceraldehyde-3-phosphate dehydrogenase (GAPDH) (EC 1.2.1.12) (NAD-dependent glyceraldehyde-3-phosphate dehydrogenase),gap BCG_1497,Mycobacterium bovis (strain BCG / Pasteur 1173P2),339,cytoplasm,glucose metabolic process [GO:0006006]; glycolytic process [GO:0006096],SUBCELLULAR LOCATION: Cytoplasm {ECO:0000305}. Note=Although thought of as a cytoplasmic protein it has been found to interact in vitro with a host extracellular protein (PubMed:21203928). {ECO:0000269|PubMed:21203928}.,No,Query17,71.429,7,2,0,11,17,202,208,6,17.6,71.43
A1KMD6,TRUB_MYCBP,tRNA pseudouridine synthase B (EC 5.4.99.25) (tRNA pseudouridine(55) synthase) (Psi55 synthase) (tRNA pseudouridylate synthase) (tRNA-uridine isomerase),truB BCG_2811c,Mycobacterium bovis (strain BCG / Pasteur 1173P2),298,,tRNA pseudouridine synthesis [GO:0031119],,No,Query17,83.333,6,1,0,12,17,283,288,6,17.6,83.33
A1KLV6,PDXS_MYCBP,Pyridoxal 5'-phosphate synthase subunit PdxS (PLP synthase subunit PdxS) (EC 4.3.3.6) (Pdx1),pdxS BCG_2631c,Mycobacterium bovis (strain BCG / Pasteur 1173P2),299,,pyridoxal phosphate biosynthetic process [GO:0042823],,No,Query18,83.333,6,1,0,3,8,230,235,6,17.2,83.33
A1KIH9,RPOZ_MYCBP,DNA-directed RNA polymerase subunit omega (RNAP omega subunit) (EC 2.7.7.6) (RNA polymerase omega subunit) (Transcriptase subunit omega),rpoZ BCG_1451,Mycobacterium bovis (strain BCG / Pasteur 1173P2),110,,"transcription, DNA-templated [GO:0006351]",,No,Query14,83.333,6,1,0,9,14,99,104,6.6,17.2,83.33
A1KLV7,PDXH_MYCBP,Pyridoxine/pyridoxamine 5'-phosphate oxidase (EC 1.4.3.5) (PNP/PMP oxidase) (PNPOx) (Pyridoxal 5'-phosphate synthase),pdxH BCG_2632,Mycobacterium bovis (strain BCG / Pasteur 1173P2),224,,pyridoxine biosynthetic process [GO:0008615],,No,Query14,75,8,2,0,7,14,8,15,6.7,17.2,75
A1KL96,LEPA_MYCBP,Elongation factor 4 (EF-4) (EC 3.6.5.n1) (Ribosomal back-translocase LepA),lepA BCG_2420c,Mycobacterium bovis (strain BCG / Pasteur 1173P2),653,plasma membrane,positive regulation of translation [GO:0045727],SUBCELLULAR LOCATION: Cell membrane {ECO:0000255|HAMAP-Rule:MF_00071}; Peripheral membrane protein {ECO:0000255|HAMAP-Rule:MF_00071}; Cytoplasmic side {ECO:0000255|HAMAP-Rule:MF_00071}.,No,Query14,75,8,0,1,4,9,575,582,6.8,17.2,75
A1KL43,DGTL1_MYCBP,Deoxyguanosinetriphosphate triphosphohydrolase-like protein,BCG_2367c,Mycobacterium bovis (strain BCG / Pasteur 1173P2),431,,dGTP catabolic process [GO:0006203],,No,Query14,83.333,6,1,0,9,14,418,423,6.8,17.2,83.33
A1KNR4,FBIB_MYCBP,Bifunctional F420 biosynthesis protein FbiB [Includes: Coenzyme F420:L-glutamate ligase (EC 6.3.2.31) (EC 6.3.2.34) (Coenzyme F420-0:L-glutamate ligase) (Coenzyme F420-1:gamma-L-glutamate ligase); Dehydro-coenzyme F420-0 reductase (EC 1.3.8.17)],fbiB BCG_3291,Mycobacterium bovis (strain BCG / Pasteur 1173P2),448,,F420-0 metabolic process [GO:0052645],,No,Query14,83.333,6,1,0,3,8,190,195,6.8,17.2,83.33
A1KEM1,RS6_MYCBP,30S ribosomal protein S6,rpsF BCG_0084,Mycobacterium bovis (strain BCG / Pasteur 1173P2),96,ribosome,translation [GO:0006412],,No,Query12,100,5,0,0,5,9,68,72,7,17.6,100
A0A0H3M5L9,TAP_MYCBP,Multidrug efflux pump Tap,tap BCG_1316c,Mycobacterium bovis (strain BCG / Pasteur 1173P2),419,integral component of membrane; plasma membrane,response to antibiotic [GO:0046677],SUBCELLULAR LOCATION: Cell inner membrane {ECO:0000305}; Multi-pass membrane protein {ECO:0000255}.,Yes,Query24,71.429,7,2,0,5,11,324,330,7.4,18.9,71.43
A1KMY1,LEUD_MYCBP,3-isopropylmalate dehydratase small subunit (EC 4.2.1.33) (Alpha-IPM isomerase) (IPMI) (Isopropylmalate isomerase),leuD BCG_3008c,Mycobacterium bovis (strain BCG / Pasteur 1173P2),198,3-isopropylmalate dehydratase complex,branched-chain amino acid biosynthetic process [GO:0009082]; leucine biosynthetic process [GO:0009098],,No,Query11,71.429,7,2,0,21,27,55,61,7.5,19.7,85.71
A1KFH8,PURA_MYCBP,Adenylosuccinate synthetase (AMPSase) (AdSS) (EC 6.3.4.4) (IMP--aspartate ligase),purA BCG_0395c,Mycobacterium bovis (strain BCG / Pasteur 1173P2),432,cytoplasm,'de novo' AMP biosynthetic process [GO:0044208],SUBCELLULAR LOCATION: Cytoplasm {ECO:0000255|HAMAP-Rule:MF_00011}.,No,Query4,83.333,6,1,0,3,8,220,225,7.9,16.3,83.33
A1KLC0,PROA_MYCBP,Gamma-glutamyl phosphate reductase (GPR) (EC 1.2.1.41) (Glutamate-5-semialdehyde dehydrogenase) (Glutamyl-gamma-semialdehyde dehydrogenase) (GSA dehydrogenase),proA BCG_2444c,Mycobacterium bovis (strain BCG / Pasteur 1173P2),415,cytoplasm,L-proline biosynthetic process [GO:0055129],SUBCELLULAR LOCATION: Cytoplasm {ECO:0000255|HAMAP-Rule:MF_00412}.,No,Query17,85.714,7,0,1,11,17,20,25,8.5,17.2,85.71
A0A0G2Q9F8,GYRA_MYCBP,DNA gyrase subunit A (EC 5.6.2.2),gyrA1 BCG_0006; gyrA2 BCG_0036,Mycobacterium bovis (strain BCG / Pasteur 1173P2),838,chromosome; cytoplasm,DNA-dependent DNA replication [GO:0006261]; DNA topological change [GO:0006265]; response to antibiotic [GO:0046677],SUBCELLULAR LOCATION: Cytoplasm {ECO:0000255|HAMAP-Rule:MF_01897}.,No,Query17,100,5,0,0,13,17,74,78,8.6,17.2,100
A1KKJ8,MURD_MYCBP,UDP-N-acetylmuramoylalanine--D-glutamate ligase (EC 6.3.2.9) (D-glutamic acid-adding enzyme) (UDP-N-acetylmuramoyl-L-alanyl-D-glutamate synthetase),murD BCG_2172c,Mycobacterium bovis (strain BCG / Pasteur 1173P2),496,cytoplasm,cell cycle [GO:0007049]; cell division [GO:0051301]; cell wall organization [GO:0071555]; peptidoglycan biosynthetic process [GO:0009252]; regulation of cell shape [GO:0008360],SUBCELLULAR LOCATION: Cytoplasm {ECO:0000255|HAMAP-Rule:MF_00639}.,No,Query2,83.333,6,1,0,12,17,128,133,8.7,17.6,83.33
A1KPH5,OTSA_MYCBP,"Trehalose-6-phosphate synthase (TPS) (EC 2.4.1.15) (EC 2.4.1.347) (Alpha,alpha-trehalose-phosphate synthase [UDP-forming]) (Osmoregulatory trehalose synthesis protein A) (OtsA)",otsA BCG_3554,Mycobacterium bovis (strain BCG / Pasteur 1173P2),500,,trehalose biosynthetic process [GO:0005992],,No,Query4,75,8,1,1,2,8,445,452,11,15.9,75
A1KLD5,PROB_MYCBP,Glutamate 5-kinase (EC 2.7.2.11) (Gamma-glutamyl kinase) (GK),proB BCG_2459c,Mycobacterium bovis (strain BCG / Pasteur 1173P2),376,cytoplasm,L-proline biosynthetic process [GO:0055129],SUBCELLULAR LOCATION: Cytoplasm {ECO:0000255|HAMAP-Rule:MF_00456}.,No,Query21,83.333,6,1,0,2,7,191,196,11,16.3,83.33
A0A0G2Q9F8,GYRA_MYCBP,DNA gyrase subunit A (EC 5.6.2.2),gyrA1 BCG_0006; gyrA2 BCG_0036,Mycobacterium bovis (strain BCG / Pasteur 1173P2),838,chromosome; cytoplasm,DNA-dependent DNA replication [GO:0006261]; DNA topological change [GO:0006265]; response to antibiotic [GO:0046677],SUBCELLULAR LOCATION: Cytoplasm {ECO:0000255|HAMAP-Rule:MF_01897}.,No,Query21,83.333,6,1,0,1,6,197,202,11,16.3,83.33
A1KGW3,Y883_MYCBP,Putative S-adenosyl-L-methionine-dependent methyltransferase BCG_0883 (EC 2.1.1.-),BCG_0883,Mycobacterium bovis (strain BCG / Pasteur 1173P2),301,,methylation [GO:0032259],,No,Query18,75,8,1,1,2,8,138,145,12,16.3,87.5
A1KJ00,BIOF_MYCBP,8-amino-7-oxononanoate synthase (AONS) (EC 2.3.1.47) (7-keto-8-amino-pelargonic acid synthase) (7-KAP synthase) (KAPA synthase) (8-amino-7-ketopelargonate synthase) (Alpha-oxoamine synthase),BCG_1622,Mycobacterium bovis (strain BCG / Pasteur 1173P2),386,,biotin biosynthetic process [GO:0009102],,No,Query18,71.429,7,2,0,1,7,110,116,12,16.3,71.43
A1KHS4,METE_MYCBP,"5-methyltetrahydropteroyltriglutamate--homocysteine methyltransferase (EC 2.1.1.14) (Cobalamin-independent methionine synthase) (Methionine synthase, vitamin-B12 independent isozyme)",metE BCG_1194c,Mycobacterium bovis (strain BCG / Pasteur 1173P2),759,,methionine biosynthetic process [GO:0009086]; methylation [GO:0032259],,No,Query18,71.429,7,2,0,6,12,273,279,12,16.3,85.71
A1KPE2,RL17_MYCBP,50S ribosomal protein L17,rplQ BCG_3521c,Mycobacterium bovis (strain BCG / Pasteur 1173P2),180,ribosome,translation [GO:0006412],,No,Query17,83.333,6,1,0,12,17,127,132,12,16.8,83.33
A1KFQ5,GCS2_MYCBP,Putative glutamate--cysteine ligase 2 (EC 6.3.2.2) (Gamma-glutamylcysteine synthetase 2) (GCS 2) (Gamma-GCS 2),BCG_0472,Mycobacterium bovis (strain BCG / Pasteur 1173P2),376,,cellular modified amino acid biosynthetic process [GO:0042398],,No,Query17,83.333,6,1,0,1,6,347,352,12,16.8,83.33
A1KMY9,LEU3_MYCBP,3-isopropylmalate dehydrogenase (EC 1.1.1.85) (3-IPM-DH) (Beta-IPM dehydrogenase) (IMDH),leuB BCG_3016c,Mycobacterium bovis (strain BCG / Pasteur 1173P2),336,cytoplasm,branched-chain amino acid biosynthetic process [GO:0009082]; leucine biosynthetic process [GO:0009098],SUBCELLULAR LOCATION: Cytoplasm {ECO:0000255|HAMAP-Rule:MF_01035}.,No,Query20,83.333,6,1,0,2,7,70,75,12,14.6,83.33
A1KJW1,Y1935_MYCBP,Putative S-adenosyl-L-methionine-dependent methyltransferase BCG_1935c (EC 2.1.1.-),BCG_1935c,Mycobacterium bovis (strain BCG / Pasteur 1173P2),303,,methylation [GO:0032259],,No,Query24,83.333,6,1,0,28,33,281,286,13,18.5,83.33
A1KQG0,PHAS_MYCBP,Phthioceranic/hydroxyphthioceranic acid synthase (EC 2.3.1.287) (Polyketide synthase pks2),pks2 BCG_3888c,Mycobacterium bovis (strain BCG / Pasteur 1173P2),2126,,fatty acid biosynthetic process [GO:0006633],,No,Query12,75,8,1,1,3,9,185,192,15,16.8,75
A1KNR3,FBIA_MYCBP,Phosphoenolpyruvate transferase (EC 2.7.8.28) (EPPG:FO PEP transferase),fbiA BCG_3290,Mycobacterium bovis (strain BCG / Pasteur 1173P2),331,,F420-0 metabolic process [GO:0052645],,No,Query21,71.429,7,2,0,1,7,203,209,15,15.9,71.43
A1KLL9,ACPS_MYCBP,Holo-[acyl-carrier-protein] synthase (Holo-ACP synthase) (EC 2.7.8.7) (4'-phosphopantetheinyl transferase AcpS),acpS BCG_2544c,Mycobacterium bovis (strain BCG / Pasteur 1173P2),130,cytoplasm,fatty acid biosynthetic process [GO:0006633],SUBCELLULAR LOCATION: Cytoplasm {ECO:0000255|HAMAP-Rule:MF_00101}.,No,Query10,71.429,7,2,0,12,18,98,104,16,16.8,85.71
A1KLS7,DHAA_MYCBP,Haloalkane dehalogenase (EC 3.8.1.5),dhaA BCG_2602,Mycobacterium bovis (strain BCG / Pasteur 1173P2),300,,,,No,Query10,71.429,7,2,0,12,18,251,257,17,16.8,71.43
A1KG98,GAL1_MYCBP,Galactokinase (EC 2.7.1.6) (Galactose kinase),galK BCG_0666,Mycobacterium bovis (strain BCG / Pasteur 1173P2),363,cytoplasm,galactose metabolic process [GO:0006012],SUBCELLULAR LOCATION: Cytoplasm {ECO:0000255|HAMAP-Rule:MF_00246}.,No,Query17,83.333,6,1,0,11,16,245,250,17,16.3,83.33
A1KJ69,ARGC_MYCBP,N-acetyl-gamma-glutamyl-phosphate reductase (AGPR) (EC 1.2.1.38) (N-acetyl-glutamate semialdehyde dehydrogenase) (NAGSA dehydrogenase),argC BCG_1691,Mycobacterium bovis (strain BCG / Pasteur 1173P2),352,cytoplasm,arginine biosynthetic process [GO:0006526],SUBCELLULAR LOCATION: Cytoplasm {ECO:0000255|HAMAP-Rule:MF_00150}.,No,Query2,83.333,6,1,0,12,17,185,190,17,16.8,83.33
A1KFW0,MSHA_MYCBP,D-inositol 3-phosphate glycosyltransferase (EC 2.4.1.250) (N-acetylglucosamine-inositol-phosphate N-acetylglucosaminyltransferase) (GlcNAc-Ins-P N-acetylglucosaminyltransferase),mshA BCG_0527,Mycobacterium bovis (strain BCG / Pasteur 1173P2),480,,mycothiol biosynthetic process [GO:0010125],,No,Query24,83.333,6,1,0,18,23,118,123,17,18,83.33
A0A0H3MGR5,LPPX_MYCBP,Putative phthiocerol dimycocerosate transporter LppX (Lipoprotein LppX),lppX BCG_2967c,Mycobacterium bovis (strain BCG / Pasteur 1173P2),233,cell surface; cell wall; extracellular region [GO:0005576]; plasma membrane [GO:0005886],lipid transport [GO:0006869],"SUBCELLULAR LOCATION: Cell membrane {ECO:0000255|PROSITE-ProRule:PRU00303, ECO:0000269|PubMed:10678905}; Lipid-anchor {ECO:0000255|PROSITE-ProRule:PRU00303}. Cell surface {ECO:0000269|PubMed:10678905}. Secreted, cell wall {ECO:0000269|PubMed:10678905}. Secreted {ECO:0000269|PubMed:10678905}.",No,Query24,83.333,6,1,0,28,33,84,89,18,17.6,83.33
A1KIW9,LSPA_MYCBP,Lipoprotein signal peptidase (EC 3.4.23.36) (Prolipoprotein signal peptidase) (Signal peptidase II) (SPase II),lspA BCG_1591,Mycobacterium bovis (strain BCG / Pasteur 1173P2),202,integral component of membrane; plasma membrane [GO:0005886],,SUBCELLULAR LOCATION: Cell membrane {ECO:0000255|HAMAP-Rule:MF_00161}; Multi-pass membrane protein {ECO:0000255|HAMAP-Rule:MF_00161}.,Yes,Query1,75,8,1,1,7,13,394,401,19,16.8,75
A1KMV9,COAD_MYCBP,Phosphopantetheine adenylyltransferase (EC 2.7.7.3) (Dephospho-CoA pyrophosphorylase) (Pantetheine-phosphate adenylyltransferase) (PPAT),coaD BCG_2986c,Mycobacterium bovis (strain BCG / Pasteur 1173P2),161,cytoplasm,coenzyme A biosynthetic process [GO:0015937],SUBCELLULAR LOCATION: Cytoplasm {ECO:0000255|HAMAP-Rule:MF_00151}.,No,Query14,71.429,7,2,0,11,17,9,15,19,15.9,71.43
A1KMV9,COAD_MYCBP,Phosphopantetheine adenylyltransferase (EC 2.7.7.3) (Dephospho-CoA pyrophosphorylase) (Pantetheine-phosphate adenylyltransferase) (PPAT),coaD BCG_2986c,Mycobacterium bovis (strain BCG / Pasteur 1173P2),161,cytoplasm,coenzyme A biosynthetic process [GO:0015937],SUBCELLULAR LOCATION: Cytoplasm {ECO:0000255|HAMAP-Rule:MF_00151}.,No,Query14,83.333,6,1,0,4,9,30,35,19,15.9,83.33
A1KFE2,PCP_MYCBP,Pyrrolidone-carboxylate peptidase (EC 3.4.19.3) (5-oxoprolyl-peptidase) (Pyroglutamyl-peptidase I) (PGP-I) (Pyrase),pcp BCG_0359,Mycobacterium bovis (strain BCG / Pasteur 1173P2),222,cytosol [GO:0005829],,SUBCELLULAR LOCATION: Cytoplasm {ECO:0000255|HAMAP-Rule:MF_00417}.,No,Query14,83.333,6,1,0,6,11,112,117,19,15.9,83.33
A1KMA6,TYSY_MYCBP,Thymidylate synthase (TS) (TSase) (EC 2.1.1.45),thyA BCG_2781c,Mycobacterium bovis (strain BCG / Pasteur 1173P2),263,cytoplasm,dTMP biosynthetic process [GO:0006231]; dTTP biosynthetic process [GO:0006235]; methylation [GO:0032259],SUBCELLULAR LOCATION: Cytoplasm {ECO:0000255|HAMAP-Rule:MF_00008}.,No,Query3,83.333,6,1,0,1,6,169,174,19,15.9,83.33
A1KEG3,RSMG_MYCBP,Ribosomal RNA small subunit methyltransferase G (EC 2.1.1.-) (16S rRNA 7-methylguanosine methyltransferase) (16S rRNA m7G methyltransferase),rsmG1 BCG_0025c; rsmG2 BCG_3977c,Mycobacterium bovis (strain BCG / Pasteur 1173P2),224,cytoplasm,,SUBCELLULAR LOCATION: Cytoplasm {ECO:0000255|HAMAP-Rule:MF_00074}.,No,Query12,71.429,7,2,0,3,9,196,202,20,16.3,71.43
A1KJP4,GCSP_MYCBP,Glycine dehydrogenase (decarboxylating) (EC 1.4.4.2) (Glycine cleavage system P-protein) (Glycine decarboxylase) (Glycine dehydrogenase (aminomethyl-transferring)),gcvP BCG_1867,Mycobacterium bovis (strain BCG / Pasteur 1173P2),941,,glycine decarboxylation via glycine cleavage system [GO:0019464],,No,Query24,83.333,6,1,0,31,36,613,618,20,17.6,83.33
A1KH25,Y945_MYCBP,Putative S-adenosyl-L-methionine-dependent methyltransferase BCG_0945c (EC 2.1.1.-),BCG_0945c,Mycobacterium bovis (strain BCG / Pasteur 1173P2),325,,methylation [GO:0032259],,No,Query17,75,8,0,1,12,17,146,153,23,15.9,75
A0A0H3M3S8,LPRG_MYCBP,Lipoarabinomannan carrier protein LprG (27 kDa lipoprotein) (Antigen P27) (Lipoprotein LprG) (Triacylglyceride transfer protein LprG),lprG BCG_1472c,Mycobacterium bovis (strain BCG / Pasteur 1173P2),236,bacterial extracellular vesicle [GO:0097691]; cell wall; plasma membrane [GO:0005886],lipid transport [GO:0006869],"SUBCELLULAR LOCATION: Cell inner membrane {ECO:0000255|PROSITE-ProRule:PRU00303, ECO:0000305}; Lipid-anchor {ECO:0000255|PROSITE-ProRule:PRU00303}. Secreted, cell wall {ECO:0000250|UniProtKB:P9WK45}. Secreted {ECO:0000250|UniProtKB:P9WK45}. Note=Present in extracytoplasmic vesicles (PubMed:21364279). {ECO:0000269|PubMed:21364279}.",No,Query10,83.333,6,1,0,4,9,177,182,23,16.3,83.33
A0A0H3MBL5,PSTS2_MYCBP,Phosphate-binding protein PstS2 (PstS-2) (38-kDa lipoprotein) (P38),pstS2 BCG_0985c,Mycobacterium bovis (strain BCG / Pasteur 1173P2),370,ATP-binding cassette (ABC) transporter complex [GO:0043190]; extracellular region [GO:0005576],phosphate ion transmembrane transport [GO:0035435],SUBCELLULAR LOCATION: Cell membrane {ECO:0000255|PROSITE-ProRule:PRU00303}; Lipid-anchor {ECO:0000255|PROSITE-ProRule:PRU00303}. Secreted {ECO:0000269|PubMed:9139906}. Note=Present on the cell surface. {ECO:0000269|PubMed:9139906}.,No,Query2,83.333,6,1,0,13,18,226,231,23,16.3,83.33
A1KEK9,SYL_MYCBP,Leucine--tRNA ligase (EC 6.1.1.4) (Leucyl-tRNA synthetase) (LeuRS),leuS BCG_0072,Mycobacterium bovis (strain BCG / Pasteur 1173P2),969,cytoplasm,leucyl-tRNA aminoacylation [GO:0006429],SUBCELLULAR LOCATION: Cytoplasm {ECO:0000255|HAMAP-Rule:MF_00049}.,No,Query24,83.333,6,1,0,31,36,588,593,23,17.6,83.33
A1KF31,PCKG_MYCBP,Phosphoenolpyruvate carboxykinase [GTP] (PEP carboxykinase) (PEPCK) (EC 4.1.1.32) (GTP-dependent phosphoenolpyruvate carboxykinase) (GTP-PEPCK),pckG BCG_0248,Mycobacterium bovis (strain BCG / Pasteur 1173P2),606,cytoplasm,gluconeogenesis [GO:0006094],SUBCELLULAR LOCATION: Cytoplasm {ECO:0000255|HAMAP-Rule:MF_00452}.,No,Query4,83.333,6,1,0,4,9,453,458,23,15.1,83.33
A1KEK9,SYL_MYCBP,Leucine--tRNA ligase (EC 6.1.1.4) (Leucyl-tRNA synthetase) (LeuRS),leuS BCG_0072,Mycobacterium bovis (strain BCG / Pasteur 1173P2),969,cytoplasm,leucyl-tRNA aminoacylation [GO:0006429],SUBCELLULAR LOCATION: Cytoplasm {ECO:0000255|HAMAP-Rule:MF_00049}.,No,Query11,71.429,7,2,0,22,28,595,601,24,18,85.71
A1KLN7,AROC_MYCBP,Chorismate synthase (CS) (EC 4.2.3.5) (5-enolpyruvylshikimate-3-phosphate phospholyase),aroC BCG_2562c,Mycobacterium bovis (strain BCG / Pasteur 1173P2),401,,aromatic amino acid family biosynthetic process [GO:0009073]; cellular amino acid biosynthetic process [GO:0008652]; chorismate biosynthetic process [GO:0009423],,No,Query25,71.429,7,2,0,8,14,127,133,24,15.5,71.43
A1KHS4,METE_MYCBP,"5-methyltetrahydropteroyltriglutamate--homocysteine methyltransferase (EC 2.1.1.14) (Cobalamin-independent methionine synthase) (Methionine synthase, vitamin-B12 independent isozyme)",metE BCG_1194c,Mycobacterium bovis (strain BCG / Pasteur 1173P2),759,,methionine biosynthetic process [GO:0009086]; methylation [GO:0032259],,No,Query7,71.429,7,2,0,11,17,442,448,24,15.9,71.43
A1KMX8,PPK1_MYCBP,Polyphosphate kinase (EC 2.7.4.1) (ATP-polyphosphate phosphotransferase) (Polyphosphoric acid kinase),ppk BCG_3005,Mycobacterium bovis (strain BCG / Pasteur 1173P2),742,polyphosphate kinase complex [GO:0009358],polyphosphate biosynthetic process [GO:0006799],,No,Query14,83.333,6,1,0,11,16,116,121,27,15.5,83.33
A1KGT3,APEB_MYCBP,Probable M18 family aminopeptidase 2 (EC 3.4.11.-),apeB BCG_0852,Mycobacterium bovis (strain BCG / Pasteur 1173P2),433,,,,No,Query24,77.778,9,1,1,31,39,116,123,28,17.2,77.78
A1KQF8,MMPL8_MYCBP,Probable transport protein MmpL8,mmpL8 BCG_3886c,Mycobacterium bovis (strain BCG / Pasteur 1173P2),1089,integral component of membrane; plasma membrane [GO:0005886],,SUBCELLULAR LOCATION: Cell membrane {ECO:0000305}; Multi-pass membrane protein {ECO:0000255}.,Yes,Query12,71.429,7,2,0,12,18,12,18,28,15.9,71.43
A1KPT5,COAX_MYCBP,Type III pantothenate kinase (EC 2.7.1.33) (PanK-III) (Pantothenic acid kinase),coaX BCG_3664c,Mycobacterium bovis (strain BCG / Pasteur 1173P2),272,cytoplasm,coenzyme A biosynthetic process [GO:0015937],SUBCELLULAR LOCATION: Cytoplasm {ECO:0000255|HAMAP-Rule:MF_01274}.,No,Query8,71.429,7,2,0,29,35,112,118,28,16.8,71.43
A1KJP4,GCSP_MYCBP,Glycine dehydrogenase (decarboxylating) (EC 1.4.4.2) (Glycine cleavage system P-protein) (Glycine decarboxylase) (Glycine dehydrogenase (aminomethyl-transferring)),gcvP BCG_1867,Mycobacterium bovis (strain BCG / Pasteur 1173P2),941,,glycine decarboxylation via glycine cleavage system [GO:0019464],,No,Query21,83.333,6,1,0,1,6,818,823,31,15.1,83.33
A1KHH0,KDPC_MYCBP,Potassium-transporting ATPase KdpC subunit (ATP phosphohydrolase [potassium-transporting] C chain) (Potassium-binding and translocating subunit C) (Potassium-translocating ATPase C chain),kdpC BCG_1089,Mycobacterium bovis (strain BCG / Pasteur 1173P2),189,integral component of plasma membrane [GO:0005887],,SUBCELLULAR LOCATION: Cell membrane {ECO:0000255|HAMAP-Rule:MF_00276}; Single-pass membrane protein {ECO:0000255|HAMAP-Rule:MF_00276}.,Yes,Query7,71.429,7,2,0,3,9,15,21,32,15.5,71.43
A1KM94,DAPA_MYCBP,4-hydroxy-tetrahydrodipicolinate synthase (HTPA synthase) (EC 4.3.3.7),dapA BCG_2769c,Mycobacterium bovis (strain BCG / Pasteur 1173P2),300,cytoplasm,diaminopimelate biosynthetic process [GO:0019877]; lysine biosynthetic process via diaminopimelate [GO:0009089],SUBCELLULAR LOCATION: Cytoplasm {ECO:0000255|HAMAP-Rule:MF_00418}.,No,Query2,83.333,6,1,0,12,17,51,56,32,15.9,83.33
A1KKF8,ARC_MYCBP,Proteasome-associated ATPase (AAA ATPase forming ring-shaped complexes) (ARC) (Mycobacterial proteasome ATPase),mpa BCG_2132c,Mycobacterium bovis (strain BCG / Pasteur 1173P2),609,proteasome complex [GO:0000502],modification-dependent protein catabolic process [GO:0019941]; proteasomal protein catabolic process [GO:0010498],,No,Query25,83.333,6,1,0,5,10,370,375,34,15.1,83.33
A0A0H3MBL5,PSTS2_MYCBP,Phosphate-binding protein PstS2 (PstS-2) (38-kDa lipoprotein) (P38),pstS2 BCG_0985c,Mycobacterium bovis (strain BCG / Pasteur 1173P2),370,ATP-binding cassette (ABC) transporter complex [GO:0043190]; extracellular region [GO:0005576],phosphate ion transmembrane transport [GO:0035435],SUBCELLULAR LOCATION: Cell membrane {ECO:0000255|PROSITE-ProRule:PRU00303}; Lipid-anchor {ECO:0000255|PROSITE-ProRule:PRU00303}. Secreted {ECO:0000269|PubMed:9139906}. Note=Present on the cell surface. {ECO:0000269|PubMed:9139906}.,No,Query6,83.333,6,1,0,6,11,51,56,34,14.2,83.33
A1KJ00,BIOF_MYCBP,8-amino-7-oxononanoate synthase (AONS) (EC 2.3.1.47) (7-keto-8-amino-pelargonic acid synthase) (7-KAP synthase) (KAPA synthase) (8-amino-7-ketopelargonate synthase) (Alpha-oxoamine synthase),BCG_1622,Mycobacterium bovis (strain BCG / Pasteur 1173P2),386,,biotin biosynthetic process [GO:0009102],,No,Query6,83.333,6,1,0,6,11,107,112,34,14.2,83.33
A1KLV6,PDXS_MYCBP,Pyridoxal 5'-phosphate synthase subunit PdxS (PLP synthase subunit PdxS) (EC 4.3.3.6) (Pdx1),pdxS BCG_2631c,Mycobacterium bovis (strain BCG / Pasteur 1173P2),299,,pyridoxal phosphate biosynthetic process [GO:0042823],,No,Query8,71.429,7,2,0,11,17,160,166,42,16.3,85.71
A1KID0,RNPH_MYCBP,Ribonuclease PH (RNase PH) (EC 2.7.7.56) (tRNA nucleotidyltransferase),rph BCG_1402,Mycobacterium bovis (strain BCG / Pasteur 1173P2),259,,rRNA catabolic process [GO:0016075]; rRNA processing [GO:0006364]; tRNA processing [GO:0008033],,No,Query19,71.429,7,2,0,7,13,252,258,43,14.6,71.43
A1KKA2,RS14_MYCBP,30S ribosomal protein S14,rpsN BCG_2075c,Mycobacterium bovis (strain BCG / Pasteur 1173P2),101,ribosome [GO:0005840],translation [GO:0006412],,No,Query17,71.429,7,2,0,11,17,12,18,44,15.1,71.43
A1KG00,GSA_MYCBP,"Glutamate-1-semialdehyde 2,1-aminomutase (GSA) (EC 5.4.3.8) (Glutamate-1-semialdehyde aminotransferase) (GSA-AT)",hemL BCG_0567,Mycobacterium bovis (strain BCG / Pasteur 1173P2),462,cytoplasm,protoporphyrinogen IX biosynthetic process [GO:0006782],SUBCELLULAR LOCATION: Cytoplasm {ECO:0000255|HAMAP-Rule:MF_00375}.,No,Query17,83.333,6,1,0,8,13,34,39,46,15.1,83.33
A1KFH2,DNAK_MYCBP,Chaperone protein DnaK (HSP70) (Heat shock 70 kDa protein) (Heat shock protein 70),dnaK BCG_0389,Mycobacterium bovis (strain BCG / Pasteur 1173P2),625,bacterial extracellular vesicle [GO:0097691]; cytoplasm,protein folding [GO:0006457],"SUBCELLULAR LOCATION: Cytoplasm {ECO:0000305}. Extracellular vesicle, bacterial extracellular vesicle {ECO:0000269|PubMed:21364279}. Note=Also present in extracytoplasmic vesicles (PubMed:21364279). Although thought of as a cytoplasmic chaperone this protein is routinely found extracellularly in the absence of cell lysis (PubMed:21364279) (By similarity). {ECO:0000250|UniProtKB:P9WMJ9, ECO:0000269|PubMed:21364279}.",No,Query18,71.429,7,2,0,5,11,9,15,49,14.6,71.43
A1KQG0,PHAS_MYCBP,Phthioceranic/hydroxyphthioceranic acid synthase (EC 2.3.1.287) (Polyketide synthase pks2),pks2 BCG_3888c,Mycobacterium bovis (strain BCG / Pasteur 1173P2),2126,,fatty acid biosynthetic process [GO:0006633],,No,Query6,83.333,6,1,0,6,11,197,202,50,13.8,83.33
A1KPT6,PAND_MYCBP,Aspartate 1-decarboxylase (EC 4.1.1.11) (Aspartate alpha-decarboxylase) [Cleaved into: Aspartate 1-decarboxylase beta chain; Aspartate 1-decarboxylase alpha chain],panD BCG_3665c,Mycobacterium bovis (strain BCG / Pasteur 1173P2),139,cytoplasm,alanine biosynthetic process [GO:0006523]; pantothenate biosynthetic process [GO:0015940],SUBCELLULAR LOCATION: Cytoplasm {ECO:0000255|HAMAP-Rule:MF_00446}.,No,Query3,83.333,6,1,0,1,6,133,138,53,14.6,83.33
A1KH91,PUR9_MYCBP,Bifunctional purine biosynthesis protein PurH [Includes: Phosphoribosylaminoimidazolecarboxamide formyltransferase (EC 2.1.2.3) (AICAR transformylase); IMP cyclohydrolase (EC 3.5.4.10) (ATIC) (IMP synthase) (Inosinicase)],purH BCG_1011,Mycobacterium bovis (strain BCG / Pasteur 1173P2),523,,'de novo' IMP biosynthetic process [GO:0006189],,No,Query14,83.333,6,1,0,3,8,336,341,54,14.6,83.33
A1KPR8,ISPD_MYCBP,2-C-methyl-D-erythritol 4-phosphate cytidylyltransferase (EC 2.7.7.60) (4-diphosphocytidyl-2C-methyl-D-erythritol synthase) (MEP cytidylyltransferase) (MCT),ispD BCG_3647c,Mycobacterium bovis (strain BCG / Pasteur 1173P2),231,,"isopentenyl diphosphate biosynthetic process, methylerythritol 4-phosphate pathway [GO:0019288]; terpenoid biosynthetic process [GO:0016114]",,No,Query23,71.429,7,2,0,6,12,166,172,58,13.8,71.43
A1KJR4,UREG_MYCBP,Urease accessory protein UreG,ureG BCG_1888,Mycobacterium bovis (strain BCG / Pasteur 1173P2),224,cytoplasm,nitrogen compound metabolic process [GO:0006807],SUBCELLULAR LOCATION: Cytoplasm {ECO:0000255|HAMAP-Rule:MF_01389}.,No,Query10,71.429,7,2,0,7,13,82,88,62,15.1,71.43
A1KGG5,EFTU_MYCBP,Elongation factor Tu (EF-Tu),tuf BCG_0734,Mycobacterium bovis (strain BCG / Pasteur 1173P2),396,cytoplasm,,SUBCELLULAR LOCATION: Cytoplasm {ECO:0000255|HAMAP-Rule:MF_00118}.,No,Query2,71.429,7,2,0,16,22,44,50,62,15.1,71.43
A1KKQ9,LIPB_MYCBP,Octanoyltransferase (EC 2.3.1.181) (Lipoate-protein ligase B) (Lipoyl/octanoyl transferase) (Octanoyl-[acyl-carrier-protein]-protein N-octanoyltransferase),lipB BCG_2233,Mycobacterium bovis (strain BCG / Pasteur 1173P2),230,cytoplasm,protein lipoylation [GO:0009249],SUBCELLULAR LOCATION: Cytoplasm {ECO:0000255|HAMAP-Rule:MF_00013}.,No,Query17,71.429,7,2,0,11,17,138,144,64,14.6,71.43
A1KQ98,Y3826_MYCBP,Putative S-adenosyl-L-methionine-dependent methyltransferase BCG_3826c (EC 2.1.1.-),BCG_3826c,Mycobacterium bovis (strain BCG / Pasteur 1173P2),314,,methylation [GO:0032259],,No,Query5,83.333,6,1,0,7,12,188,193,68,14.2,83.33
A1KF14,MDREP_MYCBP,Multidrug efflux ATP-binding/permease protein BCG_0231 (EC 7.6.2.-),BCG_0231,Mycobacterium bovis (strain BCG / Pasteur 1173P2),1194,integral component of membrane; plasma membrane [GO:0005886],response to antibiotic [GO:0046677],SUBCELLULAR LOCATION: Cell inner membrane {ECO:0000305}; Multi-pass membrane protein {ECO:0000255}.,Yes,Query5,71.429,7,2,0,9,15,18,24,69,14.2,71.43
A1KL99,RNZ_MYCBP,Ribonuclease Z (RNase Z) (EC 3.1.26.11) (tRNA 3 endonuclease) (tRNase Z),rnz BCG_2423,Mycobacterium bovis (strain BCG / Pasteur 1173P2),280,,,,No,Query14,71.429,7,2,0,10,16,119,125,75,14.2,71.43
A1KHG8,KDPA_MYCBP,Potassium-transporting ATPase potassium-binding subunit (ATP phosphohydrolase [potassium-transporting] A chain) (Potassium-binding and translocating subunit A) (Potassium-translocating ATPase A chain),kdpA BCG_1087,Mycobacterium bovis (strain BCG / Pasteur 1173P2),571,integral component of plasma membrane [GO:0005887],,SUBCELLULAR LOCATION: Cell membrane {ECO:0000255|HAMAP-Rule:MF_00275}; Multi-pass membrane protein {ECO:0000255|HAMAP-Rule:MF_00275}.,Yes,Query12,83.333,6,1,0,2,7,17,22,76,14.6,83.33
A1KNE3,NUOC_MYCBP,NADH-quinone oxidoreductase subunit C (EC 7.1.1.-) (NADH dehydrogenase I subunit C) (NDH-1 subunit C),nuoC BCG_3170,Mycobacterium bovis (strain BCG / Pasteur 1173P2),236,plasma membrane [GO:0005886],,SUBCELLULAR LOCATION: Cell membrane {ECO:0000255|HAMAP-Rule:MF_01357}; Peripheral membrane protein {ECO:0000255|HAMAP-Rule:MF_01357}; Cytoplasmic side {ECO:0000255|HAMAP-Rule:MF_01357}.,No,Query2,71.429,7,2,0,12,18,30,36,85,14.6,71.43
A1KJ74,ARGR_MYCBP,Arginine repressor,argR BCG_1696,Mycobacterium bovis (strain BCG / Pasteur 1173P2),170,cytoplasm,arginine biosynthetic process [GO:0006526]; protein complex oligomerization [GO:0051259],SUBCELLULAR LOCATION: Cytoplasm {ECO:0000255|HAMAP-Rule:MF_00173}.,No,Query17,71.429,7,2,0,11,17,21,27,89,14.2,71.43
A1KM65,MIAA_MYCBP,tRNA dimethylallyltransferase (EC 2.5.1.75) (Dimethylallyl diphosphate:tRNA dimethylallyltransferase) (DMAPP:tRNA dimethylallyltransferase) (DMATase) (Isopentenyl-diphosphate:tRNA isopentenyltransferase) (IPP transferase) (IPPT) (IPTase),miaA BCG_2740c,Mycobacterium bovis (strain BCG / Pasteur 1173P2),314,,tRNA processing [GO:0008033],,No,Query17,83.333,6,1,0,9,14,296,301,90,14.2,83.33
A1KJ00,BIOF_MYCBP,8-amino-7-oxononanoate synthase (AONS) (EC 2.3.1.47) (7-keto-8-amino-pelargonic acid synthase) (7-KAP synthase) (KAPA synthase) (8-amino-7-ketopelargonate synthase) (Alpha-oxoamine synthase),BCG_1622,Mycobacterium bovis (strain BCG / Pasteur 1173P2),386,,biotin biosynthetic process [GO:0009102],,No,Query17,83.333,6,1,0,13,18,131,136,90,14.2,83.33
A1KMX8,PPK1_MYCBP,Polyphosphate kinase (EC 2.7.4.1) (ATP-polyphosphate phosphotransferase) (Polyphosphoric acid kinase),ppk BCG_3005,Mycobacterium bovis (strain BCG / Pasteur 1173P2),742,polyphosphate kinase complex [GO:0009358],polyphosphate biosynthetic process [GO:0006799],,No,Query1,71.429,7,2,0,6,12,119,125,98,14.6,71.43
A1KEN2,Y095_MYCBP,UPF0182 protein BCG_0095,BCG_0095,Mycobacterium bovis (strain BCG / Pasteur 1173P2),979,integral component of membrane; plasma membrane [GO:0005886],,SUBCELLULAR LOCATION: Cell membrane {ECO:0000255|HAMAP-Rule:MF_01600}; Multi-pass membrane protein {ECO:0000255|HAMAP-Rule:MF_01600}.,Yes,Query1,83.333,6,0,1,10,15,933,937,98,14.6,83.33
A1KIS5,CPFC_MYCBP,Coproporphyrin III ferrochelatase (EC 4.99.1.9),cpfC BCG_1547,Mycobacterium bovis (strain BCG / Pasteur 1173P2),344,cytoplasm,heme biosynthetic process [GO:0006783],SUBCELLULAR LOCATION: Cytoplasm {ECO:0000255|HAMAP-Rule:MF_00323}.,No,Query12,71.429,7,2,0,6,12,304,310,105,14.2,71.43
A1KLF3,CLPX_MYCBP,ATP-dependent Clp protease ATP-binding subunit ClpX,clpX BCG_2477c,Mycobacterium bovis (strain BCG / Pasteur 1173P2),426,,protein folding [GO:0006457],,No,Query14,75,8,1,1,5,12,140,146,106,13.8,75
A1KGG4,EFG_MYCBP,Elongation factor G (EF-G),fusA BCG_0733,Mycobacterium bovis (strain BCG / Pasteur 1173P2),701,cytoplasm,,SUBCELLULAR LOCATION: Cytoplasm {ECO:0000255|HAMAP-Rule:MF_00054}.,No,Query8,70,10,2,1,4,12,516,525,111,15.1,70
A1KG37,HTM_MYCBP,2-heptyl-1-hydroxyquinolin-4(1H)-one methyltransferase (HQNO methyltransferase) (HQNO-MTase) (EC 2.1.1.374) (Heterocyclic toxin methyltransferase),htm BCG_0605c,Mycobacterium bovis (strain BCG / Pasteur 1173P2),241,cytoplasm,methylation [GO:0032259],SUBCELLULAR LOCATION: Cytoplasm {ECO:0000250|UniProtKB:A5TZU0}.,No,Query10,71.429,7,2,0,4,10,154,160,118,14.2,71.43
A1KG43,Y611_MYCBP,UPF0234 protein BCG_0611c,BCG_0611c,Mycobacterium bovis (strain BCG / Pasteur 1173P2),163,,,,No,Query10,83.333,6,1,0,4,9,197,202,119,14.2,83.33
A1KJG2,IDI_MYCBP,Isopentenyl-diphosphate Delta-isomerase (IPP isomerase) (EC 5.3.3.2) (IPP:DMAPP isomerase) (Isopentenyl pyrophosphate isomerase),idi BCG_1784c,Mycobacterium bovis (strain BCG / Pasteur 1173P2),176,cytoplasm,dimethylallyl diphosphate biosynthetic process [GO:0050992]; isoprenoid biosynthetic process [GO:0008299],SUBCELLULAR LOCATION: Cytoplasm {ECO:0000255|HAMAP-Rule:MF_00202}.,No,Query24,71.429,7,1,1,29,34,99,105,122,15.1,71.43
A1KFY5,HEM1_MYCBP,Glutamyl-tRNA reductase (GluTR) (EC 1.2.1.70),hemA BCG_0552,Mycobacterium bovis (strain BCG / Pasteur 1173P2),468,,protoporphyrinogen IX biosynthetic process [GO:0006782],,No,Query17,71.429,7,2,0,11,17,122,128,126,13.8,71.43
A1KEK9,SYL_MYCBP,Leucine--tRNA ligase (EC 6.1.1.4) (Leucyl-tRNA synthetase) (LeuRS),leuS BCG_0072,Mycobacterium bovis (strain BCG / Pasteur 1173P2),969,cytoplasm,leucyl-tRNA aminoacylation [GO:0006429],SUBCELLULAR LOCATION: Cytoplasm {ECO:0000255|HAMAP-Rule:MF_00049}.,No,Query24,71.429,7,2,0,25,31,745,751,146,15.1,71.43
A1KJ17,HIS7_MYCBP,Imidazoleglycerol-phosphate dehydratase (IGPD) (EC 4.2.1.19),hisB BCG_1639,Mycobacterium bovis (strain BCG / Pasteur 1173P2),210,cytoplasm,histidine biosynthetic process [GO:0000105],SUBCELLULAR LOCATION: Cytoplasm {ECO:0000255|HAMAP-Rule:MF_00076}.,No,Query24,71.429,7,2,0,34,40,91,97,178,14.6,71.43
A1KKJ0,SEPF_MYCBP,Cell division protein SepF,sepF BCG_2164c,Mycobacterium bovis (strain BCG / Pasteur 1173P2),218,cytoplasm,division septum assembly [GO:0000917]; FtsZ-dependent cytokinesis [GO:0043093],"SUBCELLULAR LOCATION: Cytoplasm {ECO:0000255|HAMAP-Rule:MF_01197}. Note=Localizes to the division site, in a FtsZ-dependent manner. {ECO:0000255|HAMAP-Rule:MF_01197}.",No,Query1,83.333,6,0,1,18,23,104,108,183,13.8,83.33
A1KMC6,PNP_MYCBP,Polyribonucleotide nucleotidyltransferase (EC 2.7.7.8) (Polynucleotide phosphorylase) (PNPase),pnp BCG_2801c,Mycobacterium bovis (strain BCG / Pasteur 1173P2),752,cytoplasm,mRNA catabolic process [GO:0006402]; RNA processing [GO:0006396],SUBCELLULAR LOCATION: Cytoplasm {ECO:0000255|HAMAP-Rule:MF_01595}.,No,Query9,71.429,7,2,0,2,8,144,150,186,13.8,71.43
A1KMZ6,ILVC_MYCBP,Ketol-acid reductoisomerase (NADP(+)) (KARI) (EC 1.1.1.86) (Acetohydroxy-acid isomeroreductase) (AHIR) (Alpha-keto-beta-hydroxylacyl reductoisomerase) (Ketol-acid reductoisomerase type 1) (Ketol-acid reductoisomerase type I),ilvC BCG_3023c,Mycobacterium bovis (strain BCG / Pasteur 1173P2),337,,isoleucine biosynthetic process [GO:0009097]; valine biosynthetic process [GO:0009099],,No,Query25,71.429,7,2,0,9,15,94,100,190,12.9,71.43
A1KII1,METK_MYCBP,S-adenosylmethionine synthase (AdoMet synthase) (EC 2.5.1.6) (MAT) (Methionine adenosyltransferase),metK BCG_1453,Mycobacterium bovis (strain BCG / Pasteur 1173P2),403,cytoplasm,one-carbon metabolic process [GO:0006730]; S-adenosylmethionine biosynthetic process [GO:0006556],SUBCELLULAR LOCATION: Cytoplasm {ECO:0000255|HAMAP-Rule:MF_00086}.,No,Query14,71.429,7,2,0,3,9,340,346,208,12.9,71.43
A1KG43,Y611_MYCBP,UPF0234 protein BCG_0611c,BCG_0611c,Mycobacterium bovis (strain BCG / Pasteur 1173P2),163,,,,No,Query24,71.429,7,2,0,14,20,64,70,216,14.2,71.43
A1KEW5,Y181_MYCBP,Putative S-adenosyl-L-methionine-dependent methyltransferase BCG_0181 (EC 2.1.1.-),BCG_0181,Mycobacterium bovis (strain BCG / Pasteur 1173P2),311,,methylation [GO:0032259],,No,Query6,71.429,7,1,1,5,11,53,58,217,12.1,71.43
A0A0H3MBK5,PSTS3_MYCBP,Phosphate-binding protein PstS3 (PstS-3) (38-kDa lipoprotein) (P38),pstS3 BCG_0980,Mycobacterium bovis (strain BCG / Pasteur 1173P2),370,ATP-binding cassette (ABC) transporter complex [GO:0043190]; extracellular region [GO:0005576],phosphate ion transmembrane transport [GO:0035435],SUBCELLULAR LOCATION: Cell membrane {ECO:0000255|PROSITE-ProRule:PRU00303}; Lipid-anchor {ECO:0000255|PROSITE-ProRule:PRU00303}. Secreted {ECO:0000269|PubMed:9139906}. Note=Present on the cell surface. {ECO:0000269|PubMed:9139906}.,No,Query10,71.429,7,0,1,10,16,277,281,228,13.4,71.43
A1KLF3,CLPX_MYCBP,ATP-dependent Clp protease ATP-binding subunit ClpX,clpX BCG_2477c,Mycobacterium bovis (strain BCG / Pasteur 1173P2),426,,protein folding [GO:0006457],,No,Query10,71.429,7,2,0,2,8,186,192,228,13.4,71.43
A1KHH0,KDPC_MYCBP,Potassium-transporting ATPase KdpC subunit (ATP phosphohydrolase [potassium-transporting] C chain) (Potassium-binding and translocating subunit C) (Potassium-translocating ATPase C chain),kdpC BCG_1089,Mycobacterium bovis (strain BCG / Pasteur 1173P2),189,integral component of plasma membrane [GO:0005887],,SUBCELLULAR LOCATION: Cell membrane {ECO:0000255|HAMAP-Rule:MF_00276}; Single-pass membrane protein {ECO:0000255|HAMAP-Rule:MF_00276}.,Yes,Query1,71.429,7,2,0,9,15,2,8,251,13.4,71.43
A1KIC8,MURI_MYCBP,Glutamate racemase (EC 5.1.1.3),murI BCG_1400,Mycobacterium bovis (strain BCG / Pasteur 1173P2),271,,cell wall organization [GO:0071555]; peptidoglycan biosynthetic process [GO:0009252]; regulation of cell shape [GO:0008360],,No,Query11,83.333,6,1,0,3,8,12,17,262,14.6,83.33
A1KIP0,COXX_MYCBP,Protoheme IX farnesyltransferase (EC 2.5.1.141) (Heme B farnesyltransferase) (Heme O synthase),ctaB BCG_1512,Mycobacterium bovis (strain BCG / Pasteur 1173P2),308,integral component of membrane; plasma membrane [GO:0005886],heme O biosynthetic process [GO:0048034],SUBCELLULAR LOCATION: Cell membrane {ECO:0000255|HAMAP-Rule:MF_00154}; Multi-pass membrane protein {ECO:0000255|HAMAP-Rule:MF_00154}.,Yes,Query11,71.429,7,2,0,15,21,280,286,265,14.6,71.43
A1KI01,GLGC_MYCBP,Glucose-1-phosphate adenylyltransferase (EC 2.7.7.27) (ADP-glucose pyrophosphorylase) (ADPGlc PPase) (ADP-glucose synthase),glgC BCG_1273,Mycobacterium bovis (strain BCG / Pasteur 1173P2),404,,capsule polysaccharide biosynthetic process [GO:0045227]; glycogen biosynthetic process [GO:0005978],,No,Query18,71.429,7,2,0,9,15,328,334,268,12.5,71.43
A1KKF8,ARC_MYCBP,Proteasome-associated ATPase (AAA ATPase forming ring-shaped complexes) (ARC) (Mycobacterial proteasome ATPase),mpa BCG_2132c,Mycobacterium bovis (strain BCG / Pasteur 1173P2),609,proteasome complex [GO:0000502],modification-dependent protein catabolic process [GO:0019941]; proteasomal protein catabolic process [GO:0010498],,No,Query18,71.429,7,2,0,4,10,65,71,268,12.5,71.43
A1KP49,FOLD_MYCBP,Bifunctional protein FolD [Includes: Methylenetetrahydrofolate dehydrogenase (EC 1.5.1.5); Methenyltetrahydrofolate cyclohydrolase (EC 3.5.4.9)],folD BCG_3428c,Mycobacterium bovis (strain BCG / Pasteur 1173P2),281,,histidine biosynthetic process [GO:0000105]; methionine biosynthetic process [GO:0009086]; purine nucleotide biosynthetic process [GO:0006164]; tetrahydrofolate interconversion [GO:0035999],,No,Query14,71.429,7,2,0,11,17,119,125,291,12.5,71.43
A1KF31,PCKG_MYCBP,Phosphoenolpyruvate carboxykinase [GTP] (PEP carboxykinase) (PEPCK) (EC 4.1.1.32) (GTP-dependent phosphoenolpyruvate carboxykinase) (GTP-PEPCK),pckG BCG_0248,Mycobacterium bovis (strain BCG / Pasteur 1173P2),606,cytoplasm,gluconeogenesis [GO:0006094],SUBCELLULAR LOCATION: Cytoplasm {ECO:0000255|HAMAP-Rule:MF_00452}.,No,Query3,83.333,6,1,0,1,6,139,144,292,12.5,83.33
A1KM20,DXS_MYCBP,1-deoxy-D-xylulose-5-phosphate synthase (EC 2.2.1.7) (1-deoxyxylulose-5-phosphate synthase) (DXP synthase) (DXPS),dxs BCG_2695c,Mycobacterium bovis (strain BCG / Pasteur 1173P2),638,,1-deoxy-D-xylulose 5-phosphate biosynthetic process [GO:0052865]; terpenoid biosynthetic process [GO:0016114]; thiamine biosynthetic process [GO:0009228],,No,Query24,71.429,7,1,1,33,38,475,481,337,13.8,71.43
A1KIG2,GLST_MYCBP,Glycolipid sulfotransferase BCG_1434 (EC 2.8.2.-),BCG_1434,Mycobacterium bovis (strain BCG / Pasteur 1173P2),327,,,,No,Query7,71.429,7,2,0,3,9,185,191,339,12.5,71.43
A1KMX8,PPK1_MYCBP,Polyphosphate kinase (EC 2.7.4.1) (ATP-polyphosphate phosphotransferase) (Polyphosphoric acid kinase),ppk BCG_3005,Mycobacterium bovis (strain BCG / Pasteur 1173P2),742,polyphosphate kinase complex [GO:0009358],polyphosphate biosynthetic process [GO:0006799],,No,Query11,71.429,7,1,1,26,31,168,174,347,14.6,71.43
A1KIG9,PYRB_MYCBP,Aspartate carbamoyltransferase (EC 2.1.3.2) (Aspartate transcarbamylase) (ATCase),pyrB BCG_1441,Mycobacterium bovis (strain BCG / Pasteur 1173P2),319,,'de novo' pyrimidine nucleobase biosynthetic process [GO:0006207]; 'de novo' UMP biosynthetic process [GO:0044205]; cellular amino acid metabolic process [GO:0006520],,No,Query1,71.429,7,1,1,16,22,52,57,350,12.9,71.43
A1KGK2,RS5_MYCBP,30S ribosomal protein S5,rpsE BCG_0771,Mycobacterium bovis (strain BCG / Pasteur 1173P2),220,small ribosomal subunit [GO:0015935],translation [GO:0006412],,No,Query10,75,8,1,1,9,16,132,138,431,12.5,75
A1KKH3,MSHC_MYCBP,L-cysteine:1D-myo-inositol 2-amino-2-deoxy-alpha-D-glucopyranoside ligase (L-Cys:GlcN-Ins ligase) (EC 6.3.1.13) (Mycothiol ligase) (MSH ligase),mshC BCG_2147c,Mycobacterium bovis (strain BCG / Pasteur 1173P2),414,,mycothiol biosynthetic process [GO:0010125],,No,Query2,71.429,7,2,0,8,14,265,271,435,12.5,71.43
A1KGI4,RL23_MYCBP,50S ribosomal protein L23,rplW BCG_0753,Mycobacterium bovis (strain BCG / Pasteur 1173P2),100,ribosome [GO:0005840],translation [GO:0006412],,No,Query19,71.429,7,0,2,8,13,92,97,667,11.2,71.43
A1KHP7,EX7S_MYCBP,Exodeoxyribonuclease 7 small subunit (EC 3.1.11.6) (Exodeoxyribonuclease VII small subunit) (Exonuclease VII small subunit),xseB BCG_1167c,Mycobacterium bovis (strain BCG / Pasteur 1173P2),85,cytoplasm; exodeoxyribonuclease VII complex [GO:0009318],DNA catabolic process [GO:0006308],SUBCELLULAR LOCATION: Cytoplasm {ECO:0000255|HAMAP-Rule:MF_00337}.,No,Query5,71.429,7,2,0,8,14,35,41,721,11.2,71.43
A1KML4,RIP1_MYCBP,Zinc metalloprotease Rip1 (EC 3.4.24.-) (Regulator of sigma KLM proteases) (S2P endopeptidase) (Site-2-type intramembrane protease) (site-2 protease Rip1) (S2P protease Rip1),rip1 BCG_2891c,Mycobacterium bovis (strain BCG / Pasteur 1173P2),404,integral component of membrane; plasma membrane [GO:0005886],,SUBCELLULAR LOCATION: Cell membrane {ECO:0000305}; Multi-pass membrane protein {ECO:0000305}.,Yes,Query10,71.429,7,0,2,19,23,369,375,826,11.7,71.43
A1KMR9,FPG_MYCBP,Formamidopyrimidine-DNA glycosylase (Fapy-DNA glycosylase) (EC 3.2.2.23) (DNA-(apurinic or apyrimidinic site) lyase MutM) (AP lyase MutM) (EC 4.2.99.18),mutM fpg BCG_2946c,Mycobacterium bovis (strain BCG / Pasteur 1173P2),289,,base-excision repair [GO:0006284],,No,Query11,71.429,7,1,1,18,23,164,170,938,12.9,71.43
A1KHL8,GREA_MYCBP,Transcription elongation factor GreA (Transcript cleavage factor GreA),greA BCG_1138c,Mycobacterium bovis (strain BCG / Pasteur 1173P2),164,,"regulation of DNA-templated transcription, elongation [GO:0032784]",,No,Query9,71.429,7,2,0,13,19,114,120,1242,11.2,71.43
A1KMU5,PHKR_MYCBP,Phthiodiolone/phenolphthiodiolone dimycocerosates ketoreductase (EC 1.2.-.-),BCG_2972c,Mycobacterium bovis (strain BCG / Pasteur 1173P2),381,,lipid metabolic process [GO:0006629],,No,Query9,71.429,7,2,0,12,18,136,142,1252,11.2,71.43
A1KKQ9,LIPB_MYCBP,Octanoyltransferase (EC 2.3.1.181) (Lipoate-protein ligase B) (Lipoyl/octanoyl transferase) (Octanoyl-[acyl-carrier-protein]-protein N-octanoyltransferase),lipB BCG_2233,Mycobacterium bovis (strain BCG / Pasteur 1173P2),230,cytoplasm,protein lipoylation [GO:0009249],SUBCELLULAR LOCATION: Cytoplasm {ECO:0000255|HAMAP-Rule:MF_00013}.,No,Query12,71.429,7,0,2,2,7,46,51,1939,10.4,71.43
A1KJ69,ARGC_MYCBP,N-acetyl-gamma-glutamyl-phosphate reductase (AGPR) (EC 1.2.1.38) (N-acetyl-glutamate semialdehyde dehydrogenase) (NAGSA dehydrogenase),argC BCG_1691,Mycobacterium bovis (strain BCG / Pasteur 1173P2),352,cytoplasm,arginine biosynthetic process [GO:0006526],SUBCELLULAR LOCATION: Cytoplasm {ECO:0000255|HAMAP-Rule:MF_00150}.,No,Query12,71.429,7,0,2,2,7,29,34,1942,10.4,71.43
A0A0H3M3S8,LPRG_MYCBP,Lipoarabinomannan carrier protein LprG (27 kDa lipoprotein) (Antigen P27) (Lipoprotein LprG) (Triacylglyceride transfer protein LprG),lprG BCG_1472c,Mycobacterium bovis (strain BCG / Pasteur 1173P2),236,bacterial extracellular vesicle; cell wall; plasma membrane,lipid transport [GO:0006869],"SUBCELLULAR LOCATION: Cell inner membrane {ECO:0000255|PROSITE-ProRule:PRU00303, ECO:0000305}; Lipid-anchor {ECO:0000255|PROSITE-ProRule:PRU00303}. Secreted, cell wall {ECO:0000250|UniProtKB:P9WK45}. Secreted {ECO:0000250|UniProtKB:P9WK45}. Note=Present in extracytoplasmic vesicles (PubMed:21364279). {ECO:0000269|PubMed:21364279}.",No,Query1,71.429,7,0,2,10,15,187,192,2355,10.4,71.43
A0A0H3M5L9,TAP_MYCBP,Multidrug efflux pump Tap,tap BCG_1316c,Mycobacterium bovis (strain BCG / Pasteur 1173P2),419,integral component of membrane; plasma membrane,response to antibiotic [GO:0046677],SUBCELLULAR LOCATION: Cell inner membrane {ECO:0000305}; Multi-pass membrane protein {ECO:0000255}.,Yes,Query12,71.429,7,0,2,1,6,402,407,2678,10,71.43
A1KM65,MIAA_MYCBP,tRNA dimethylallyltransferase (EC 2.5.1.75) (Dimethylallyl diphosphate:tRNA dimethylallyltransferase) (DMAPP:tRNA dimethylallyltransferase) (DMATase) (Isopentenyl-diphosphate:tRNA isopentenyltransferase) (IPP transferase) (IPPT) (IPTase),miaA BCG_2740c,Mycobacterium bovis (strain BCG / Pasteur 1173P2),314,,tRNA processing [GO:0008033],,No,Query18,71.429,7,2,0,5,11,25,31,2746,9.5,71.43
A1KLW4,SYT_MYCBP,Threonine--tRNA ligase (EC 6.1.1.3) (Threonyl-tRNA synthetase) (ThrRS),thrS BCG_2639c,Mycobacterium bovis (strain BCG / Pasteur 1173P2),692,cytoplasm ,threonyl-tRNA aminoacylation [GO:0006435],SUBCELLULAR LOCATION: Cytoplasm {ECO:0000255|HAMAP-Rule:MF_00184}.,No,Query14,71.429,7,0,2,7,12,670,675,2935,9.5,71.43
A1KP32,METXA_MYCBP,Homoserine O-acetyltransferase (HAT) (EC 2.3.1.31) (Homoserine transacetylase) (HTA),metXA BCG_3411,Mycobacterium bovis (strain BCG / Pasteur 1173P2),379,cytoplasm,methionine biosynthetic process [GO:0009086],SUBCELLULAR LOCATION: Cytoplasm {ECO:0000255|HAMAP-Rule:MF_00296}.,No,Query1,71.429,7,0,2,10,15,8,13,3238,10,71.43